Title,URL,Lat,Long
Chena Hot Springs,https://www.ultimatehotspringsguide.com/chena-hot-springs.html,65.051771,-146.05103840000004
Tenakee Hot Springs,https://www.ultimatehotspringsguide.com/tenakee-hot-springs.html,57.7808333,-135.218889
Avila Hot Springs,https://www.ultimatehotspringsguide.com/avila-hot-springs.html,35.1807218,-120.70299310000001
Arizona Hot Springs,https://www.ultimatehotspringsguide.com/arizona-hot-springs.html,35.960588,-114.725475
Boy Scout Hot Springs,https://www.ultimatehotspringsguide.com/boy-scout-hot-springs.html,35.960588,-114.725475
Castle Hot Springs,https://www.ultimatehotspringsguide.com/castle-hot-springs.html,33.9833663,-112.3604449
El Dorado Hot Springs,https://www.ultimatehotspringsguide.com/el-dorado-hot-springs.html,33.4931271,-112.94015580000001
Essence of Tranquilty Hot Springs,https://www.ultimatehotspringsguide.com/essence-of-tranquility.html,32.7575305,-109.7250732
Gold Strike Hot Springs,https://www.ultimatehotspringsguide.com/gold-strike-hot-springs.html,36.009848,-114.76895330000002
Hot Well Dunes Hot Springs,https://www.ultimatehotspringsguide.com/hot-well-dunes-hot-springs.html,32.5234345,-109.42653710000002
Kaiser Hot Springs,https://www.ultimatehotspringsguide.com/kaiser-hot-springs.html,34.5629666,-113.49682150000001
Roper Lake State Park Hot Springs,https://www.ultimatehotspringsguide.com/roper-lake-state-park-hot-springs.html,32.7587832,-109.70735560000003
Verde Hot Springs,https://www.ultimatehotspringsguide.com/verde-hot-springs.html,34.3553073,-111.70986900000003
Agua Caliente Springs Park,https://www.ultimatehotspringsguide.com/agua-caliente-springs-park.html,32.9515754,-116.3057551
Aqua Soleil Hotel and Mineral Water Spa,https://www.ultimatehotspringsguide.com/aqua-soleil-hotel-and-mineral-water-spa.html,33.9426254,-116.50080279999997
Avila Hot Springs,https://www.ultimatehotspringsguide.com/avila-hot-springs.html,35.1807218,-120.70299310000001
Bashford's Hot Mineral Spa,https://www.ultimatehotspringsguide.com/bashfords-hot-mineral-spa.html,33.4244694,-115.68158679999999
Bella Monte Hot Springs Resort and Spa,https://www.ultimatehotspringsguide.com/bella-monte-hot-springs-resort-and-spa.html,33.9524387,-116.47363540000003
Benton Hot Springs,https://www.ultimatehotspringsguide.com/benton-hot-springs.html,37.800761,-118.52817549999997
Beverly Hot Springs,https://www.ultimatehotspringsguide.com/beverly-hot-springs.html,34.0766075,-118.3076403
Fairmont Sonoma Mission Inn,https://www.ultimatehotspringsguide.com/fairmont-sonoma-mission-inn.html,38.3126027,-122.48296340000002
Buckeye Hot Springs,https://www.ultimatehotspringsguide.com/buckeye-hot-springs.html,38.2390856,-119.32543670000001
California Hot Springs,https://www.ultimatehotspringsguide.com/california-hot-springs-resort.html,35.8802168,-118.67666889999998
Calistoga Hot Springs,https://www.ultimatehotspringsguide.com/calistoga-hot-springs.html,38.57911989999999,-122.57697410000003
Calistoga Motor Lodge and Spa ,https://www.ultimatehotspringsguide.com/calistoga-motor-lodge-and-spa.html,38.587452,-122.5762196
Sierra Hot Springs,https://www.ultimatehotspringsguide.com/sierra-hot-springs.html,39.5754781,-120.3481673
Carlin Country Cottages Hot Springs,https://www.ultimatehotspringsguide.com/carlin-country-cottages-hot-springs.html,38.584628,-122.58135900000002
Crowley Hot Springs,https://www.ultimatehotspringsguide.com/crowley-hot-springs.html,37.6610361,-118.76776460000002
Deep Creek Hot Springs,https://www.ultimatehotspringsguide.com/deep-creek-hot-springs.html,34.339409,-117.176964
Delight's Hot Springs,https://www.ultimatehotspringsguide.com/delights-hot-springs.html,35.8758626,-116.22773710000001
Delonegha Hot Springs,https://www.ultimatehotspringsguide.com/delonegha-hot-springs.html,35.5577321,-118.61286540000003
Desert Hot Springs Spa Hotel,https://www.ultimatehotspringsguide.com/desert-hot-springs-spa-hotel.html,33.961124,-116.5016784
Dirty Socks Hot Springs,https://www.ultimatehotspringsguide.com/dirty-soaks-hot-springs.html,36.3296599,-117.9492482
Drakesbad Guest Ranch Hot Springs ,https://www.ultimatehotspringsguide.com/drakesbad-guest-ranch.html,40.4441889,-121.40382870000002
Doctor Wilkinson's Hot Springs,https://www.ultimatehotspringsguide.com/doctor-wilkinsons-hot-springs.html,38.580556,-122.57827500000002
Eagleville Hot Springs,https://www.ultimatehotspringsguide.com/eagleville-hot-springs.html,41.5326955,-120.07841020000001
Ecotopia Hot Springs,https://www.ultimatehotspringsguide.com/ecotopia-hot-springs.html,34.4835042,-119.30381160000002
El Morocco Inn and Spa Resort​,https://www.ultimatehotspringsguide.com/el-morocco-inn-and-spa-resort8203.html,33.9654939,-116.49595669999997
Esalen Hot Spring,https://www.ultimatehotspringsguide.com/esalen-hot-spring.html,36.1238325,-121.63718940000001
Fairmont Sonoma Mission Inn,https://www.ultimatehotspringsguide.com/fairmont-sonoma-mission-inn.html,38.3126027,-122.48296340000002
Fales Hot Springs,https://www.ultimatehotspringsguide.com/fales-hot-springs.html,38.35111,-119.39917000000003
Feather River Hot Springs,https://www.ultimatehotspringsguide.com/feather-river-hot-springs.html,40.019035,-121.03353909999998
Fountain of Youth Spa RV Park,https://www.ultimatehotspringsguide.com/fountain-of-youth-spa.html,33.399818,-115.663048
Franklin Hot Springs,https://www.ultimatehotspringsguide.com/franklin-hot-springs.html,35.5878257,-120.64214720000001
Furnace Creek Inn Hot Springs,https://www.ultimatehotspringsguide.com/furnace-creek-inn-hot-springs.html,36.450321,-116.85232400000001
Gaviota Hot Springs,https://www.ultimatehotspringsguide.com/gaviota-hot-springs.html,34.4775613,-120.22999759999999
Golden Haven Hot Springs Spa and Resort,https://www.ultimatehotspringsguide.com/golden-haven-hot-springs-spa-and-resort.html,38.5855805,-122.58059800000001
Grover Hot Springs,https://www.ultimatehotspringsguide.com/grover-hot-springs.html,38.6960394,-119.84385950000001
Harbin Hot Springs,https://www.ultimatehotspringsguide.com/harbin-hot-springs.html,38.7860806,-122.65183150000001
Holtville Hot Springs,https://www.ultimatehotspringsguide.com/holtville-hot-springs.html,32.7654309,-115.2699179
Kosk Hot Springs,https://www.ultimatehotspringsguide.com/kosk-hot-springs.html,41.0337687,-121.93166350000001
Jacumba Hot Springs,https://www.ultimatehotspringsguide.com/jacumba-hot-springs.html,32.61768,-116.18742409999999
Keough Hot Springs,https://www.ultimatehotspringsguide.com/keough-hot-springs.html,37.254255,-118.37492099999997
Keough Hot Ditch,https://www.ultimatehotspringsguide.com/keough-hot-ditch.html,37.254255,-118.37492099999997
Kosk Hot Springs,https://www.ultimatehotspringsguide.com/kosk-hot-springs.html,41.0337687,-121.93166350000001
Hunt Hot Springs,https://www.ultimatehotspringsguide.com/hunt-hot-springs.html,41.0223799,-121.91971849999999
Lake Isabella Hot Springs,https://www.ultimatehotspringsguide.com/lake-isabella-hot-springs.html,35.61992,-118.473389
Gaviota Hot Springs,https://www.ultimatehotspringsguide.com/gaviota-hot-springs.html,34.4775613,-120.22999759999999
Mercey Hot Springs,https://www.ultimatehotspringsguide.com/mercey-hot-springs.html,36.7043477,-120.85973739999997
Monarch Hot Springs,https://www.ultimatehotspringsguide.com/monarch-hot-springs.html,33.9106787,-116.44100459999999
Mono Hot Springs,https://www.ultimatehotspringsguide.com/mono-hot-springs.html,37.3264886,-119.01720999999998
Montecito Hot Springs,https://www.ultimatehotspringsguide.com/montecito-hot-springs.html,34.4491568,-119.6459279
Morton's Warm Springs,https://www.ultimatehotspringsguide.com/mortons-warm-springs.html,38.394497,-122.55060500000002
Morton's Warm Springs,https://www.ultimatehotspringsguide.com/mortons-warm-springs.html,38.394497,-122.55060500000002
Murrieta Hot Springs,https://www.ultimatehotspringsguide.com/murrieta-hot-springs.html,33.5576309,-117.1566929
Ojai Hot Springs,https://www.ultimatehotspringsguide.com/ojai-hot-springs.html,34.4835042,-119.30381160000002
Orr Hot Springs,https://www.ultimatehotspringsguide.com/orr-hot-springs.html,39.229755,-123.366301
Remington Hot Springs,https://www.ultimatehotspringsguide.com/remington-hot-springs.html,35.566328,-118.575897
River Oaks Hot Spring Spa,https://www.ultimatehotspringsguide.com/river-oaks-hot-spring-spa.html,35.6550061,-120.68363640000001
Roman Spa Hot Springs Resort,https://www.ultimatehotspringsguide.com/roman-spa-hot-springs.html,38.579187,-122.58004199999999
Saline Hot Springs,https://www.ultimatehotspringsguide.com/saline-hot-springs.html,36.8128786,-117.76612460000001
Sam's Family Spa,https://www.ultimatehotspringsguide.com/sams-family-spa.html,33.9226868,-116.4255738
Sespe Hot Springs,https://www.ultimatehotspringsguide.com/sespe-hot-springs.html,34.5945449,-118.9988123
Sierra Hot Springs,https://www.ultimatehotspringsguide.com/sierra-hot-springs.html,39.5754781,-120.3481673
Shoshone Hot Springs ,https://www.ultimatehotspringsguide.com/shoshone-hot-springs.html,35.9802001,-116.27157999999997
Slates Hot Spring,https://www.ultimatehotspringsguide.com/slates-hot-spring.html,36.1238325,-121.63718940000001
Sonoma Aquatic Club,https://www.ultimatehotspringsguide.com/sonoma-aquatic-club.html,38.321251,-122.489914
Squaw Hot Springs,https://www.ultimatehotspringsguide.com/squaw-bath-hot-springs.html,41.5326955,-120.07841020000001
Stewart Mineral Hot Springs,https://www.ultimatehotspringsguide.com/stewart-mineral-hot-springs.html,41.419678,-122.50393989999998
Sycamore Hot Springs,https://www.ultimatehotspringsguide.com/sycamore-hot-springs.html,35.1807218,-120.70299310000001
Tassajara Hot Springs,https://www.ultimatehotspringsguide.com/tassajara-hot-springs.html,36.235878,-121.54842400000001
Tecopa Hot Springs Campground,https://www.ultimatehotspringsguide.com/tecopa-hot-springs-campgropund.html,35.8739184,-116.23142589999998
Tecopa Hot Springs Resort,https://www.ultimatehotspringsguide.com/tecopa-hot-springs-resort.html,35.8698625,-116.23243330000003
Tecopa Mud Hot Springs,https://www.ultimatehotspringsguide.com/tecopa-mud-hot-springs.html,35.8739184,-116.23142589999998
Travertine Hot Springs ,https://www.ultimatehotspringsguide.com/travertine-hot-springs.html,38.2458651,-119.2054099
Two Bunch Palms Hot Springs,https://www.ultimatehotspringsguide.com/two-bunch-palms-hot-springs.html,33.9477232,-116.48700170000001
Vichy Hot Springs,https://www.ultimatehotspringsguide.com/vichy-hot-springs.html,39.16674769999999,-123.15865459999998
Whitmore Pool Hot Springs,https://www.ultimatehotspringsguide.com/whitmore-pool-hot-springs.html,37.6325,-118.81139000000002
Wilbur Hot Springs,https://www.ultimatehotspringsguide.com/wilbur-hot-springs.html,39.038742,-122.42092500000001
Wild Willy's Hot Springs,https://www.ultimatehotspringsguide.com/wild-willys-hot-springs.html,37.6610361,-118.76776460000002
Willett Hot Springs,https://www.ultimatehotspringsguide.com/willett-hot-springs.html,34.5758222,-119.05093729999999
Woody's Hot Springs,https://www.ultimatehotspringsguide.com/woodys-hot-springs.html,40.019035,-121.03353909999998
Alpine Hot Springs,https://www.ultimatehotspringsguide.com/alpine-hot-springs.html,38.7328649,-106.16887700000001
Antero Hot Springs,https://www.ultimatehotspringsguide.com/antero-hot-springs.html,38.731589,-106.16711700000002
Avalanche Ranch Hot Springs,https://www.ultimatehotspringsguide.com/avalanche-ranch-hot-springs.html,39.2471482,-107.23640360000002
Box Canyon Lodge and Hot Springs,https://www.ultimatehotspringsguide.com/box-canyon-lodge-and-hot-springs.html,38.019276,-107.674642
Conundrum Hot Springs,https://www.ultimatehotspringsguide.com/conundrum-hot-springs.html,39.0115457,-106.89130080000001
Cottonwood Hot Springs,https://www.ultimatehotspringsguide.com/cottonwood-hot-springs.html,38.8127685,-106.22181869999997
Creekside Hot Springs,https://www.ultimatehotspringsguide.com/creekside-hot-springs.html,38.7235254,-106.17409600000002
Dakota Hot Springs,https://www.ultimatehotspringsguide.com/dakota-hot-springs.html,38.418433,-105.05613199999999
Desert Reef Hot Springs,https://www.ultimatehotspringsguide.com/desert-reef-hot-springs.html,38.3685985,-105.0489948
Dunton Hot Springs,https://www.ultimatehotspringsguide.com/dunton-hot-springs.html,37.7726733,-108.09372580000002
Eldorado Springs Resort & Pool,https://www.ultimatehotspringsguide.com/eldorado-springs-resort--pool.html,39.931835,-105.27945399999999
4UR Ranch Hot Springs ,https://www.ultimatehotspringsguide.com/4ur-ranch-hot-springs.html,37.749259,-106.832336
Glenwood Hot Springs,https://www.ultimatehotspringsguide.com/glenwood-hot-springs.html,39.5497238,-107.32227030000001
Great Sand Dunes Swimming Pool and RV Park ,https://www.ultimatehotspringsguide.com/great-sand-dunes-swimming-pool.html,37.7790423,-105.85644450000001
Healing Waters Resort and Spa,https://www.ultimatehotspringsguide.com/healing-waters-resort-and-spa.html,37.2659421,-107.00925460000002
Hippy DIppy Hot Springs,https://www.ultimatehotspringsguide.com/hippy-dippy-hot-springs.html,37.2668122,-107.00940989999998
Hot Sulfur Springs Resort and Spa,https://www.ultimatehotspringsguide.com/hot-sulfur-springs-resort-and-spa.html,40.0748174,-106.11167419999998
Indian Hot Springs,https://www.ultimatehotspringsguide.com/indian-hot-springs.html,39.7392802,-105.51259329999999
Iron Mountain Hot Springs,https://www.ultimatehotspringsguide.com/iron-mountain-hot-springs.html,39.5552763,-107.3363046
Joyful Journey Hot Springs,https://www.ultimatehotspringsguide.com/joyful-journey-hot-springs.html,38.1686021,-105.92542220000001
Merrifield Homestead Cabins and Hot Springs,https://www.ultimatehotspringsguide.com/merrifield-homestead-cabins-and-hot-springs.html,38.8127945,-106.22609779999999
Mount Princeton Hot Springs Resort,https://www.ultimatehotspringsguide.com/mount-princeton-hot-springs.html,38.7326015,-106.1626326
Old Town Hot Springs,https://www.ultimatehotspringsguide.com/old-town-hot-springs.html,40.4827034,-106.82775149999998
Orvis Hot Springs,https://www.ultimatehotspringsguide.com/orvis-hot-springs.html,38.1342781,-107.73534540000003
​Ouray Hot Springs,https://www.ultimatehotspringsguide.com/8203ouray-hot-springs.html,38.0289539,-107.6725586
Overlook Hot Springs Spa,https://www.ultimatehotspringsguide.com/overlook-hot-springs-spa.html,37.2672364,-107.0107372
​Radium Hot Springs,https://www.ultimatehotspringsguide.com/8203radium-hot-springs1.html,39.9595829,-106.53729650000002
Rainbow Hot Springs,https://www.ultimatehotspringsguide.com/rainbow-hot-springs.html,37.5091748,-106.94733550000001
Rico Hot Springs,https://www.ultimatehotspringsguide.com/rico-hot-springs.html,37.7019151,-108.03114470000003
Salida Hot Springs Aquatic Center,https://www.ultimatehotspringsguide.com/salida-hot-springs-aquatic-center.html,38.525035,-106.00942499999996
South Canyon Hot Springs,https://www.ultimatehotspringsguide.com/south-canyon-hot-springs.html,39.553752,-107.41080299999999
Splashland Hot Springs ,https://www.ultimatehotspringsguide.com/splashland-hot-springs.html,37.4897289,-105.85781350000002
Springs Ranch,https://www.ultimatehotspringsguide.com/springs-ranch.html,38.5141613,-106.50836290000001
Strawberry Park Hot Springs,https://www.ultimatehotspringsguide.com/strawberry-park-hot-springs.html,40.5597752,-106.8494164
Strawberry Park Hot Springs,https://www.ultimatehotspringsguide.com/strawberry-park-hot-springs.html,40.5597752,-106.8494164
​Sunwater Spa,https://www.ultimatehotspringsguide.com/8203sunwater-spa.html,38.8585726,-104.91098099999999
The Springs Resort and Spa,https://www.ultimatehotspringsguide.com/the-springs-resort-and-spa.html,37.2658731,-107.01000620000002
Treehouse Hot Springs,https://www.ultimatehotspringsguide.com/treehouse-hot-springs.html,38.731087,-106.17215299999998
Trimble Hot Springs,https://www.ultimatehotspringsguide.com/trimble-hot-springs.html,37.3911182,-107.84874360000003
Twin Peaks Lodge and Hot Springs,https://www.ultimatehotspringsguide.com/twin-peaks-lodge-and-hot-springs.html,38.0190951,-107.67305190000002
Valley View Hot Springs,https://www.ultimatehotspringsguide.com/valley-view-hot-springs.html,38.1919134,-105.81536490000002
Wiesbaden Hot Springs​,https://www.ultimatehotspringsguide.com/wiesbaden-hot-springs8203.html,38.0230815,-107.668273
Banbury Hot Springs ,https://www.ultimatehotspringsguide.com/banbury-hot-springs.html,42.689782,-114.82714090000002
Baumgartner Campground Hot Springs,https://www.ultimatehotspringsguide.com/baumgartner-campground-hot-springs.html,43.6055304,-115.08162620000002
Burgdorf Hot Springs,https://www.ultimatehotspringsguide.com/burgdorf-hot-springs.html,45.2759769,-115.91384549999998
​Challis Hot Springs,https://www.ultimatehotspringsguide.com/8203challis-hot-springs.html,44.5231636,-114.17399879999999
​Downata Hot Springs Idaho ,https://www.ultimatehotspringsguide.com/8203downata-hot-springs.html,42.3888682,-112.0889654
Durfee Hot Springs,https://www.ultimatehotspringsguide.com/durfee-hot-springs.html,42.1039855,-113.63097959999999
​Easley Hot Springs,https://www.ultimatehotspringsguide.com/8203easley-hot-springs.html,43.779351,-114.53914459999999
Givens Hot Springs,https://www.ultimatehotspringsguide.com/givens-hot-springs.html,43.4159612,-116.70697459999997
Goldbug Hot Springs,https://www.ultimatehotspringsguide.com/goldbug-hot-springs.html,44.9051852,-113.9296536
Gold Fork Hot Springs,https://www.ultimatehotspringsguide.com/gold-fork-hot-springs.html,44.67584009999999,-115.94369890000002
Green Canyon Hot Springs,https://www.ultimatehotspringsguide.com/green-canyon-hot-springs.html,43.79204,-111.43962699999997
Heise Hot Springs,https://www.ultimatehotspringsguide.com/heise-hot-springs.html,43.6428911,-111.68833899999998
Idaho Rocky Mountain Ranch,https://www.ultimatehotspringsguide.com/idaho-rocky-mountain-ranch.html,44.1062621,-114.84862800000002
Jerry Johnson's Hot Springs,https://www.ultimatehotspringsguide.com/jerry-johnsons-hot-springs.html,46.4627062,-114.87284950000003
Lava Hot Springs inn  Idaho,https://www.ultimatehotspringsguide.com/lava-hot-springs-inn.html,42.6197792,-112.0112714
Maple Grove Hot Springs Idaho,https://www.ultimatehotspringsguide.com/maple-grove-hot-springs.html,42.3079784,-111.70744619999999
Miracle Hot Springs Idaho ,https://www.ultimatehotspringsguide.com/miracle-hot-springs.html,42.6943542,-114.85662960000002
Mountain Village Resort,https://www.ultimatehotspringsguide.com/mountain-village-resort.html,44.217384,-114.9314
Mundo Hot Springs,https://www.ultimatehotspringsguide.com/mundo-hot-springs.html,44.5831482,-116.63098809999997
Nat-Soo-Pah Hot Springs,https://www.ultimatehotspringsguide.com/nat-soo-pah-hot-springs.html,42.3458256,-114.50958969999999
Pincock Hot Springs,https://www.ultimatehotspringsguide.com/pincock-hot-springs.html,43.79204,-111.43962699999997
Pine Flats Hot Springs,https://www.ultimatehotspringsguide.com/pine-flats-hot-springs.html,44.0641667,-115.68194440000002
Riverdale Resort Hot Springs,https://www.ultimatehotspringsguide.com/riverdale-resort-hot-springs.html,42.16446699999999,-111.83738410000001
Riverdale Resort Hot Springs,https://www.ultimatehotspringsguide.com/riverdale-resort-hot-springs.html,42.16446699999999,-111.83738410000001
Rocky Canyon Hot Springs,https://www.ultimatehotspringsguide.com/rocky-canyon-hot-springs.html,44.2528794,-115.89090399999998
Roystone Hot Springs,https://www.ultimatehotspringsguide.com/roystone-hot-springs.html,43.9528178,-116.35488880000003
Silver Creek Plunge,https://www.ultimatehotspringsguide.com/silver-creek-plunge.html,44.329425,-115.80313799999999
Stanley Hot Springs,https://www.ultimatehotspringsguide.com/stanley-hot-springs.html,46.3163045,-115.2587375
​The Springs Idaho ,https://www.ultimatehotspringsguide.com/8203the-springs-idaho.html,43.8153081,-115.86431759999999
1000 Springs Resort,https://www.ultimatehotspringsguide.com/one-thousand-springs.html,42.7422313,-114.84841369999998
Trinity Hot Springs,https://www.ultimatehotspringsguide.com/trinity-hot-springs.html,43.55391849999999,-115.27310080000001
Vulcan Hot Springs,https://www.ultimatehotspringsguide.com/vulcan-hot-springs.html,44.5671206,-115.69595090000001
Weir Creek Hot Springs,https://www.ultimatehotspringsguide.com/weir-creek-hot-springs.html,46.4632516,-115.03595289999998
​Zims Hot Springs​,https://www.ultimatehotspringsguide.com/8203zims-hot-springs8203.html,45.0384526,-116.29191679999997
Alameda’s Hot Springs Retreat,https://www.ultimatehotspringsguide.com/alamedarsquos-hot-springs-retreat.html,47.6115374,-114.6682601
Big Medicine Hot Springs,https://www.ultimatehotspringsguide.com/big-medicine-hot-springs.html,47.61279039999999,-114.6646768
Boiling River Hot Springs,https://www.ultimatehotspringsguide.com/boiling-river-hot-springs1.html,44.9850294,-110.68925560000002
Boulder Hot Springs,https://www.ultimatehotspringsguide.com/boulder-hot-springs.html,46.199742,-112.0953015
Bozeman Hot Springs,https://www.ultimatehotspringsguide.com/bozeman-hot-springs.html,45.6604803,-111.18809679999998
Broadwater Hot Springs and Fitness,https://www.ultimatehotspringsguide.com/broadwater-hot-springs-and-fitness.html,46.5944,-112.11316899999997
Camas Hot Springs,https://www.ultimatehotspringsguide.com/camas-hot-springs.html,47.61279039999999,-114.6646768
Camp Aqua Hot Springs,https://www.ultimatehotspringsguide.com/camp-aqua-hot-springs.html,43.3124417,-103.6066328
Chico Hot Springs,https://www.ultimatehotspringsguide.com/chico-hot-springs.html,45.33862509999999,-110.69222330000002
Corwin Hot Springs,https://www.ultimatehotspringsguide.com/corwin-hot-springs.html,45.11213799999999,-110.79232810000002
Elkhorn Hot Springs,https://www.ultimatehotspringsguide.com/elkhorn-hot-springs.html,45.45603,-113.108791
​Fairmont Hot Springs,https://www.ultimatehotspringsguide.com/8203fairmont-hot-springs.html,46.0429809,-112.81003620000001
Jackson Hot Springs,https://www.ultimatehotspringsguide.com/jackson-hot-springs.html,45.3677867,-113.40895769999997
K Bar L Ranch & Medicine Springs,https://www.ultimatehotspringsguide.com/k-bar-l-ranch--medicine-springs.html,47.520923,-112.465373
Lolo Hot Springs,https://www.ultimatehotspringsguide.com/lolo-hot-springs.html,46.72478599999999,-114.53324309999999
Lost Trail Hot Springs Resort,https://www.ultimatehotspringsguide.com/lost-trail-hot-springs-resort.html,45.757315,-113.94680299999999
Medicine Hot Springs ,https://www.ultimatehotspringsguide.com/medicine-hot-springs.html,45.8460311,-114.0353589
Norris Hot Springs,https://www.ultimatehotspringsguide.com/norris-hot-springs.html,45.5743552,-111.68447200000003
Potosi Hot Springs,https://www.ultimatehotspringsguide.com/potosi-hot-springs.html,45.589175,-111.89978810000002
Quinn's Hot Springs,https://www.ultimatehotspringsguide.com/quinns-hot-springs.html,47.33074999999999,-114.78882599999997
Renova Hot Springs,https://www.ultimatehotspringsguide.com/renova-hot-springs.html,45.7910784,-112.1265732
Sleeping Buffalo Hot Springs,https://www.ultimatehotspringsguide.com/sleeping-buffalo-hot-springs.html,48.4838853,-107.52870719999999
Spa Hot Springs Motel and Clinic ,https://www.ultimatehotspringsguide.com/spa-hot-springs-motel-and-clinic.html,50.6200385,-116.0733586
Symes Hot Springs Hotel & Mineral Baths,https://www.ultimatehotspringsguide.com/symes-hot-springs-hotel--mineral-baths.html,47.610233,-114.67201290000003
Upper Potosi Hot Springs,https://www.ultimatehotspringsguide.com/upper-potosi-hot-springs.html,45.589175,-111.89978810000002
White Sulphur Hot Springs,https://www.ultimatehotspringsguide.com/white-sulphur-hot-springs.html,50.6200385,-116.0733586
Wild Horse Hot Springs,https://www.ultimatehotspringsguide.com/wild-horse-hot-springs.html,43.3124417,-103.6066328
Yellowstone Hot Springs,https://www.ultimatehotspringsguide.com/yellowstone-hot-springs1.html,45.11213799999999,-110.79232810000002
Alkali Hot Springs,https://www.ultimatehotspringsguide.com/alkali-hot-springs.html,37.8252426,-117.33836159999998
Arizona Hot Springs,https://www.ultimatehotspringsguide.com/arizona-hot-springs.html,35.960588,-114.725475
Bailey's Hot Springs,https://www.ultimatehotspringsguide.com/baileys-hot-springs.html,36.9742384,-116.7230419
Bishop Hot Springs,https://www.ultimatehotspringsguide.com/bishop-creek-hot-springs.html,41.242566,-114.94804729999998
Black Rock Hot Springs Nevada ,https://www.ultimatehotspringsguide.com/black-rock-hot-springs1.html,40.9737909,-119.00816220000002
Bog Hot Spring,https://www.ultimatehotspringsguide.com/bog-hot-spring.html,41.9237835,-118.80351250000001
Boy Scout Hot Springs,https://www.ultimatehotspringsguide.com/boy-scout-hot-springs.html,35.960588,-114.725475
​Caliente Hot Springs Motel Nevada,https://www.ultimatehotspringsguide.com/8203caliente-hot-springs.html,37.6208647,-114.51032609999999
Carson City Hot Springs Resort,https://www.ultimatehotspringsguide.com/carson-city-hot-springs-resort.html,39.1937989,-119.75268140000003
Diana's Punchbowl Hot Springs Nevada,https://www.ultimatehotspringsguide.com/dianas-punchbowl-hot-springs.html,39.03020799999999,-116.6650778
Double Hot Springs,https://www.ultimatehotspringsguide.com/double-hot-springs.html,41.0512879,-119.02878809999999
Gold Strike Hot Springs,https://www.ultimatehotspringsguide.com/gold-strike-hot-springs.html,36.009848,-114.76895330000002
Fish Lake Hot Springs,https://www.ultimatehotspringsguide.com/fish-lake-hot-springs.html,37.8600876,-117.98379599999998
Hot Springs Ranch,https://www.ultimatehotspringsguide.com/hot-springs-ranch.html,39.405436,-116.34664659999999
Kyle Hot Springs ,https://www.ultimatehotspringsguide.com/kyle-hot-springs.html,40.4062987,-117.8834627
Paradise Valley Hot Spring,https://www.ultimatehotspringsguide.com/paradise-valley-hot-spring.html,41.422263,-117.38754440000002
Rogers Springs ,https://www.ultimatehotspringsguide.com/rogers-springs.html,36.3777555,-114.44331139999997
Ruby Valley Hot Springs,https://www.ultimatehotspringsguide.com/ruby-valley-hot-springs.html,40.1819028,-115.46150920000002
Spencer Hot Springs,https://www.ultimatehotspringsguide.com/spencer-hot-springs.html,39.3268733,-116.85980519999998
12 Mile Hot Springs,https://www.ultimatehotspringsguide.com/12-mile-hot-springs.html,41.242566,-114.94804729999998
Trego Hot Springs,https://www.ultimatehotspringsguide.com/trego-hot-springs.html,40.77012879999999,-119.1127396
Warm Springs ,https://www.ultimatehotspringsguide.com/warm-springs.html,38.1904897,-116.37005420000003
Artesian Bath House and RV Park,https://www.ultimatehotspringsguide.com/artesian-bath-house.html,33.126649,-107.25291800000002
Black Rock Hot Springs,https://www.ultimatehotspringsguide.com/black-rock-hot-springs.html,36.5306568,-105.7122718
Blackstone Hot Springs,https://www.ultimatehotspringsguide.com/blackstone-hot-springs.html,33.1274954,-107.25481109999998
Charles Motel and Hot Springs,https://www.ultimatehotspringsguide.com/charles-motel-and-hot-springs.html,33.1288716,-107.25772460000002
Faywood Hot Springs,https://www.ultimatehotspringsguide.com/faywood-hot-springs.html,32.5548043,-107.99559139999997
Fire Water Lodge,https://www.ultimatehotspringsguide.com/fire-water-lodge.html,33.1286639,-107.2536786
Jemez Hot Springs Home of the Giggling Springs,https://www.ultimatehotspringsguide.com/jemez-hot-springs-home-of-the-giggling-springs.html,35.7703681,-106.6925271
Gila Hot Springs Campground,https://www.ultimatehotspringsguide.com/gila-hot-springs-campground.html,33.1971378,-108.20492509999997
Indian Springs Bathouse,https://www.ultimatehotspringsguide.com/indian-springs-bathhouse.html,33.1273779,-107.25245180000002
Jemez Hot Springs Home of the Giggling Springs,https://www.ultimatehotspringsguide.com/jemez-hot-springs-home-of-the-giggling-springs.html,35.7703681,-106.6925271
Jemez Springs Bath House,https://www.ultimatehotspringsguide.com/jemez-springs-bath-house.html,35.7717038,-106.690897
Jordan Hot Springs,https://www.ultimatehotspringsguide.com/jordan-hot-springs.html,33.2927142,-108.2695291
La Paloma Hot Springs,https://www.ultimatehotspringsguide.com/la-paloma-hot-springs.html,33.1267683,-107.2528959
Manby Hot Springs,https://www.ultimatehotspringsguide.com/manby-hot-springs.html,36.5083168,-105.72425450000003
McCauley Hot Springs,https://www.ultimatehotspringsguide.com/mccauley-hot-springs.html,35.8494687,-106.62977639999997
​Montezuma Hot Springs,https://www.ultimatehotspringsguide.com/8203montezuma-hot-springs.html,35.6521842,-105.27661539999997
Ojo Caliente Hot Springs,https://www.ultimatehotspringsguide.com/ojo-caliente-hot-springs.html,36.3043312,-106.0522699
​Pelican Spa Hot Springs,https://www.ultimatehotspringsguide.com/8203pelican-spa.html,33.128686,-107.25221650000003
Ponce de Leon Hot Springs,https://www.ultimatehotspringsguide.com/ponce-de-leon-hot-springs.html,36.3239148,-105.60612349999997
Riverbend Hot Springs,https://www.ultimatehotspringsguide.com/riverbend-hot-springs.html,33.1272725,-107.25057019999997
​San Antonio Hot Springs,https://www.ultimatehotspringsguide.com/8203san-antonio-hot-springs.html,35.9397365,-106.64335640000002
San Francisco Hot Springs,https://www.ultimatehotspringsguide.com/san-francisco-hot-springs.html,33.2445086,-108.881729
Sierra Grande Lodge ,https://www.ultimatehotspringsguide.com/sierra-grande-lodge.html,33.129698,-107.25608599999998
Spence Hot Springs,https://www.ultimatehotspringsguide.com/spence-hot-springs-new-mexico.html,35.8494687,-106.62977639999997
Stagecoach Hot Springs,https://www.ultimatehotspringsguide.com/stagecoach-hot-springs.html,36.5083168,-105.72425450000003
Ponce de Leon Hot Springs,https://www.ultimatehotspringsguide.com/taos-pueblo-tribal-hot-springs.html,36.3239148,-105.60612349999997
Ten Thousand Waves Spa,https://www.ultimatehotspringsguide.com/ten-thousand-waves-spa.html,50.6200385,-116.0733586
Wildwood Retreat Hot Springs,https://www.ultimatehotspringsguide.com/wildwood-retreat-and-hot-springs.html,33.190627,-108.20705599999997
Alvord Hot Springs,https://www.ultimatehotspringsguide.com/alvord-hot-springs.html,42.5425463,-118.53334640000003
Antelope Hot Springs,https://www.ultimatehotspringsguide.com/antelope-hot-springs.html,42.5488642,-119.65463779999999
Bagby Hot Springs,https://www.ultimatehotspringsguide.com/bagby-hot-springs.html,44.9354001,-122.17365860000001
Belknap Hot Springs Lodge and Gardens,https://www.ultimatehotspringsguide.com/belknap-hot-springs.html,44.19056,-122.04806009999999
Bigelow Hot Springs,https://www.ultimatehotspringsguide.com/bigelow-hot-springs.html,44.2391807,-122.05900329999997
Borax Lake Hot Springs,https://www.ultimatehotspringsguide.com/borax-lake-hot-springs.html,42.3272673,-118.60297489999999
Breitenbush Hot Springs,https://www.ultimatehotspringsguide.com/breitenbush-hot-springs.html,44.7814124,-121.97582869999997
Cougar Hot Springs,https://www.ultimatehotspringsguide.com/cougar-hot-springs.html,44.0830227,-122.2384166
Crystal Crane Hot Springs,https://www.ultimatehotspringsguide.com/crystal-crane-hot-springs.html,43.44107899999999,-118.638867
Deer Creek Hot Springs,https://www.ultimatehotspringsguide.com/deer-creek-hot-springs.html,44.2391807,-122.05900329999997
​Grande Hot Springs ,https://www.ultimatehotspringsguide.com/8203grande-hot-springs.html,45.24553,-117.96919400000002
Hart Mountain Hot Springs,https://www.ultimatehotspringsguide.com/hart-mountain-hot-springs.html,42.5488642,-119.65463779999999
Hot Lake Hot Springs,https://www.ultimatehotspringsguide.com/hot-lake-hot-springs.html,45.2433814,-117.95853
Hunter's Hot Springs Resort,https://www.ultimatehotspringsguide.com/hunters-hot-springs-resort.html,42.2175363,-120.36497980000001
Jackson Wellsprings Hot Springs,https://www.ultimatehotspringsguide.com/jackson-wellsprings-hot-springs.html,42.2213984,-122.74454149999997
Kah Nee Ta Resort,https://www.ultimatehotspringsguide.com/kah-nee-ta-resort.html,45.5181888,-122.6738719
Lithia Hot Springs Resort ,https://www.ultimatehotspringsguide.com/lithia-hot-springs-resort.html,42.2205351,-122.74305170000002
McCredie Hot Springs,https://www.ultimatehotspringsguide.com/mccredie-hot-springs.html,43.704012,-122.28726289999997
Paulina Lake Hot Springs,https://www.ultimatehotspringsguide.com/paulina-lake-hot-springs.html,43.7320279,-121.2502399
Ritter Hot Springs,https://www.ultimatehotspringsguide.com/ritter-hot-springs.html,44.8919037,-119.14290449999999
Summer Lake Hot Springs,https://www.ultimatehotspringsguide.com/summer-lake-hot-springs.html,50.6200385,-116.0733586
Terwilliger Hot Springs,https://www.ultimatehotspringsguide.com/terwilliger-hot-springs.html,44.0830227,-122.2384166
Umpqua Hot Springs,https://www.ultimatehotspringsguide.com/umpqua-hot-springs.html,43.296788,-122.36379310000001
Baker Hot Springs ,https://www.ultimatehotspringsguide.com/baker-hot-springs.html,39.6127262,-112.7291219
Belmont Hot Springs,https://www.ultimatehotspringsguide.com/belmont-hot-springs.html,41.8575513,-112.1569313
Crater Hot Springs,https://www.ultimatehotspringsguide.com/crater-hot-springs.html,40.5239251,-111.48500150000001
Crystal Hot Springs,https://www.ultimatehotspringsguide.com/crystal-hot-springs.html,41.65919940000001,-112.08762160000003
Fifth Water Hot Springs,https://www.ultimatehotspringsguide.com/fifth-water-hot-springs.html,40.0844672,-111.3549827
Homestead Crater Hot Springs,https://www.ultimatehotspringsguide.com/homestead-crater-hot-springs.html,40.5239251,-111.48500150000001
Inlet  Park Hot Springs,https://www.ultimatehotspringsguide.com/inlet-park-hot-springs.html,50.6200385,-116.0733586
Meadow Hot Springs,https://www.ultimatehotspringsguide.com/meadow-hot-springs.html,38.8636394,-112.50662929999999
Monroe Hot Springs,https://www.ultimatehotspringsguide.com/monroe-hot-springs.html,38.6337936,-112.10847230000002
Mystic Hot Springs,https://www.ultimatehotspringsguide.com/mystic-hot-springs.html,38.6337936,-112.10847230000002
Ogden Hot Springs,https://www.ultimatehotspringsguide.com/ogden-hot-springs.html,41.65919940000001,-112.08762160000003
​Pah Tempe Hot Springs,https://www.ultimatehotspringsguide.com/8203pah-tempe-hot-springs.html,50.6200385,-116.0733586
SaratogaHot Springs,https://www.ultimatehotspringsguide.com/saratoga-hot-springs1.html,50.6200385,-116.0733586
Stinky Hot Springs,https://www.ultimatehotspringsguide.com/stinky-hot-springs.html,41.5771534,-112.23328500000002
Udy Hot Springs,https://www.ultimatehotspringsguide.com/udy-hot-springs.html,41.8575513,-112.1569313
Veyo Pool Hot Springs,https://www.ultimatehotspringsguide.com/veyo-pool-hot-springs.html,37.33537690000001,-113.6873956
Baker Hot Springs,https://www.ultimatehotspringsguide.com/baker-hot-springs1.html,48.7637331,-121.67097460000002
Carson Hot Mineral Springs Resort,https://www.ultimatehotspringsguide.com/carson-hot-mineral-springs-resort.html,50.6200385,-116.0733586
Doe Bay Village Resort,https://www.ultimatehotspringsguide.com/doe-bay-village-resort.html,48.64119900000001,-122.78089899999998
Goldmyer Hot Springs,https://www.ultimatehotspringsguide.com/goldmyer-hot-springs.html,47.4856226,-121.38920510000003
Olympic Hot Springs,https://www.ultimatehotspringsguide.com/olympic-hot-springs.html,47.9761993,-123.68824940000002
Scenic Hot Springs,https://www.ultimatehotspringsguide.com/scenic-hot-springs.html,47.7114309,-121.15523489999998
Sol Duc Hot Springs Resort,https://www.ultimatehotspringsguide.com/sol-duc-hot-springs-resort.html,47.96902540000001,-123.86321759999998
Astoria Hot Springs,https://www.ultimatehotspringsguide.com/astoria-hot-springs.html,43.300205,-110.77436740000002
Fountain of Youth RV,https://www.ultimatehotspringsguide.com/fountain-of-youth-hot-springs-rv.html,43.673224,-108.20504370000003
Granite Hot Springs Pool,https://www.ultimatehotspringsguide.com/granite-hot-springs-pool.html,43.36989459999999,-110.44557859999998
​Hellie's TeePee and Spa,https://www.ultimatehotspringsguide.com/8203hellies-teepee-and-spa.html,43.6525746,-108.19781990000001
Hobo Hot Springs,https://www.ultimatehotspringsguide.com/hobo-hot-springs.html,41.4501488,-106.80277920000003
Saratoga Hobo Hot Springs,https://www.ultimatehotspringsguide.com/saratoga-hobo-hot-springs.html,41.4501488,-106.80277920000003
Saratoga Hot Springs,https://www.ultimatehotspringsguide.com/saratoga-hot-springs.html,41.4529641,-106.8012918
Star Plunge Hot Springs,https://www.ultimatehotspringsguide.com/star-plunge-hot-springs.html,43.65196270000001,-108.19564029999998
Yellowstone Hot Springs,https://www.ultimatehotspringsguide.com/yellowstone-hot-springs1.html,45.11213799999999,-110.79232810000002
